mean_pitch,pitch_variability,tempo,mean_intensity,intensity_variability,total_silence_duration,num_pauses,spectral_entropy,jitter,shimmer,hnr,speech_segment_durations,formant_1,formant_2,file_name,mfcc_mean_1,mfcc_mean_2,mfcc_mean_3,mfcc_mean_4,mfcc_mean_5,mfcc_mean_6,mfcc_mean_7,mfcc_mean_8,mfcc_mean_9,mfcc_mean_10,mfcc_mean_11,mfcc_mean_12,mfcc_mean_13,mfcc_std_1,mfcc_std_2,mfcc_std_3,mfcc_std_4,mfcc_std_5,mfcc_std_6,mfcc_std_7,mfcc_std_8,mfcc_std_9,mfcc_std_10,mfcc_std_11,mfcc_std_12,mfcc_std_13
756.75037,581.254,[101.33272059],0.002961984,0.0020484708,0.0,1,19.8106799790843,5.727814,,-1.3736046e-06,135.0,0.9624279,0.81094617,5.mp3,-562.0714721679688,156.71705627441406,5.035635471343994,38.16834259033203,-2.895517587661743,10.761590003967285,-0.9659002423286438,-12.876958847045898,-5.781928539276123,2.2502472400665283,-12.26762580871582,-1.903069019317627,-8.288222312927246,30.04422378540039,26.849123001098633,11.164793014526367,13.349196434020996,14.236599922180176,11.050069808959961,8.378735542297363,10.129124641418457,8.657926559448242,7.412349700927734,7.399602890014648,6.875310897827148,6.8258748054504395
799.7275,614.1139,[107.66601562],0.0022979781,0.0018246465,1.9645351473922903,74,20.54874437304463,5.5827937,,-5.121781e-07,105.0354648526077,0.99622166,0.99622166,37.mp3,-614.2333984375,170.77049255371094,9.480978965759277,11.4193696975708,10.550806999206543,3.823643207550049,1.0676246881484985,-12.311383247375488,-8.461568832397461,-6.634232044219971,-8.395255088806152,2.1052000522613525,-11.632739067077637,46.15357971191406,26.686744689941406,20.643875122070312,18.264690399169922,16.5201358795166,11.282282829284668,9.839680671691895,11.16556167602539,10.372492790222168,9.506221771240234,9.07629108428955,7.344059467315674,9.902987480163574
768.2988,557.2327,[132.51201923],0.0031260997,0.0023040758,0.05877551020408163,4,20.568272177415146,5.36023,,-4.825462e-07,135.94122448979593,1.0076585,1.0076585,21.mp3,-590.5361328125,177.64060974121094,7.056315898895264,11.831964492797852,6.616457462310791,2.917329788208008,1.3285002708435059,-12.992074966430664,-9.958212852478027,-2.464221477508545,-7.942854404449463,1.9048004150390625,-8.295082092285156,43.782867431640625,28.219423294067383,17.991436004638672,19.368738174438477,17.570186614990234,12.340261459350586,9.867722511291504,11.693460464477539,11.531858444213867,9.040777206420898,8.734132766723633,8.006695747375488,8.028526306152344
752.8497,598.9165,[101.33272059],0.0050821216,0.003921686,16.051972789115645,129,21.861786185495752,5.1846747,,-3.9789927e-07,108.94802721088435,0.9154081,0.8976626,17.mp3,-553.4232788085938,159.82205200195312,14.320525169372559,15.097349166870117,4.509076118469238,9.136985778808594,-2.1611392498016357,-14.999338150024414,-6.978394508361816,-5.0992937088012695,-9.496879577636719,-2.19067120552063,-11.223966598510742,57.594696044921875,33.995399475097656,23.415184020996094,25.071020126342773,22.03058433532715,15.544511795043945,12.595231056213379,13.280744552612305,10.148509979248047,10.923511505126953,9.636784553527832,9.906636238098145,9.17905330657959
835.80005,691.88025,[117.45383523],0.00534956,0.003996069,21.86204081632653,161,21.754174082176657,5.454024,,-8.138803e-07,159.13795918367347,0.98736274,0.98736274,41.mp3,-567.1615600585938,155.72442626953125,15.985021591186523,11.820152282714844,1.6933987140655518,3.0535972118377686,-2.089722156524658,-14.088364601135254,-10.290557861328125,-8.65864086151123,-7.3123579025268555,-3.7359423637390137,-10.289518356323242,45.403343200683594,31.106061935424805,20.790468215942383,20.76430892944336,20.60338020324707,13.691993713378906,11.196561813354492,12.41571044921875,8.909994125366211,9.722677230834961,9.384737014770508,8.861603736877441,8.547796249389648
721.18414,616.12823,[161.49902344],0.004076911,0.003037464,8.231473922902495,183,20.69011657433192,5.519815,,-8.569222e-07,142.7685260770975,0.96120846,0.96120846,44.mp3,-580.7999267578125,166.052978515625,17.272388458251953,20.969478607177734,15.77410888671875,8.810456275939941,-4.483663082122803,-10.185141563415527,-8.07992172241211,-10.489592552185059,-11.05884075164795,2.1644606590270996,-7.181332588195801,54.16775894165039,32.05674362182617,20.231704711914062,21.732316970825195,20.799753189086914,12.504549026489258,13.301838874816895,11.869490623474121,10.019808769226074,12.582695960998535,10.173284530639648,8.788191795349121,9.457789421081543
950.2133,775.8472,[114.84375],0.0030806393,0.003173351,37.3772335600907,103,21.3047092670353,5.517861,,-1.2369176e-06,78.6227664399093,0.9684557,0.9684557,118.mp3,-606.5492553710938,131.87074279785156,17.29806137084961,12.177501678466797,9.446378707885742,0.9057180285453796,-6.628644943237305,-12.210854530334473,-9.970717430114746,-3.703458547592163,-5.320908069610596,-4.173842906951904,-4.968522071838379,53.312931060791016,33.3411865234375,24.024925231933594,22.560331344604492,20.804677963256836,14.225802421569824,13.977253913879395,12.223054885864258,10.970394134521484,10.502617835998535,10.179727554321289,9.824995994567871,8.304394721984863
839.76447,645.35297,[139.67483108],0.0031557411,0.0023061591,2.3219954648526078,82,20.99200697066074,5.6952705,,-4.575005e-07,153.67800453514738,0.92318493,0.92318493,22.mp3,-582.9296264648438,157.74525451660156,8.51845645904541,16.503192901611328,2.6791117191314697,1.9163576364517212,-0.2661036550998688,-13.045910835266113,-9.814360618591309,-3.2537403106689453,-6.782649040222168,-3.748286485671997,-8.952391624450684,36.90951919555664,28.527894973754883,16.1041202545166,21.474973678588867,18.83147621154785,13.31167984008789,11.124263763427734,11.804006576538086,8.402853965759277,8.996259689331055,9.228352546691895,8.938754081726074,6.9308600425720215
838.14856,705.5072,[114.84375],0.0045775427,0.003319047,6.664671201814059,106,21.119828425373715,5.4887986,,-4.0263214e-07,159.33532879818594,0.905247,0.905247,2.mp3,-552.6978759765625,161.09715270996094,10.256670951843262,22.7261905670166,0.16086499392986298,3.0645456314086914,-1.2368041276931763,-12.254189491271973,-7.8757452964782715,-3.6726250648498535,-10.490036010742188,4.782060623168945,-7.033173084259033,47.352848052978516,34.529998779296875,17.446914672851562,26.16144561767578,22.060447692871094,13.974395751953125,12.23215389251709,11.365766525268555,11.49572467803955,10.410300254821777,9.34821891784668,9.412561416625977,8.099029541015625
873.43585,682.17883,[120.18531977],0.004497183,0.0031023836,21.21124716553288,107,21.300835209473,5.352116,,-3.359684e-07,136.78875283446712,0.99696505,0.99696505,57.mp3,-552.8074340820312,162.4122314453125,10.85745906829834,5.5862956047058105,8.487106323242188,6.336263179779053,-4.229702472686768,-18.352542877197266,-12.918109893798828,-9.116720199584961,-8.863182067871094,-4.871110916137695,-7.536595821380615,42.32478713989258,29.647294998168945,18.968923568725586,21.998292922973633,17.728771209716797,14.248154640197754,10.488704681396484,11.850311279296875,10.70568561553955,8.817632675170898,9.378860473632812,9.310993194580078,9.06076431274414
890.7376,692.54364,[101.33272059],0.0017029977,0.0014148396,57.49859410430839,219,20.365899551563142,5.52448,,-8.087134e-07,104.5014058956916,0.9231715,0.9231715,117.mp3,-642.3317260742188,158.49534606933594,17.12269401550293,9.699737548828125,9.893260955810547,15.614173889160156,6.139916896820068,-16.144634246826172,-10.029768943786621,-5.07887077331543,-8.138933181762695,-0.12368915975093842,-10.962526321411133,42.94414520263672,29.48889923095703,19.439558029174805,19.35082244873047,16.571121215820312,12.549596786499023,10.389277458190918,14.351985931396484,9.089411735534668,8.215012550354004,9.325334548950195,8.86135196685791,8.78122615814209
842.1202,775.2355,[93.96306818],0.003076587,0.0025195724,16.23074829931973,262,20.199101525880277,5.6391134,,-5.311104e-07,147.7692517006803,0.91830826,0.91830826,98.mp3,-602.001220703125,162.4349822998047,17.509376525878906,18.99344825744629,7.597881317138672,5.037848949432373,0.048345375806093216,-7.377713203430176,-7.4007792472839355,-4.295025825500488,-12.994044303894043,-1.1716225147247314,-4.508439064025879,56.22602844238281,38.91462707519531,21.20496940612793,25.990127563476562,18.08173179626465,14.719122886657715,11.278975486755371,13.229757308959961,10.261630058288574,8.868428230285645,12.082925796508789,9.026915550231934,9.461217880249023
883.04944,679.71454,[107.66601562],0.011332755,0.008805471,30.468934240362813,87,22.741754735753446,5.421445,,-3.9356325e-07,145.5310657596372,0.99631095,0.99631095,59.mp3,-500.3443908691406,158.9669189453125,7.3290300369262695,-1.157333493232727,10.688769340515137,10.197907447814941,-11.730196952819824,-18.21501922607422,-7.8718061447143555,-11.325576782226562,-14.981078147888184,-2.2115590572357178,-11.221270561218262,63.72739791870117,41.98786163330078,26.07897186279297,29.592374801635742,21.578899383544922,14.832280158996582,16.452865600585938,13.1869478225708,10.255343437194824,10.031037330627441,11.255260467529297,9.421625137329102,11.344278335571289
848.132,653.9403,[99.38401442],0.0037108113,0.0030714031,28.926712018140588,95,20.882027116541106,5.415809,,-8.3569506e-07,88.07328798185941,0.98603404,0.98603404,77.mp3,-578.0950317382812,161.63314819335938,17.84025001525879,10.120187759399414,10.505791664123535,9.030730247497559,1.9980813264846802,-10.19497013092041,-8.040307998657227,-6.509469985961914,-5.278548717498779,1.0278371572494507,-10.008955001831055,62.9640007019043,39.31654739379883,22.57321548461914,20.5333194732666,20.507442474365234,15.902399063110352,12.162454605102539,10.775619506835938,10.108159065246582,9.69499683380127,9.374327659606934,8.717461585998535,9.1404447555542
836.7795,680.287,[132.51201923],0.008318876,0.00849891,85.47573696145125,270,21.487946694115298,5.460816,,-7.8903645e-07,172.52426303854875,0.997375,0.997375,84.mp3,-525.5469360351562,130.52752685546875,24.81683349609375,10.249611854553223,4.019669055938721,0.01136100385338068,-10.201845169067383,-16.813928604125977,-10.799806594848633,-12.254734992980957,-12.870240211486816,-5.684868812561035,-9.449243545532227,71.33767700195312,48.54265594482422,23.872896194458008,26.74689483642578,21.367494583129883,14.260202407836914,15.4992036819458,13.353894233703613,11.088055610656738,11.085354804992676,10.333969116210938,10.29691219329834,10.641042709350586
837.1448,708.80347,[117.45383523],0.004882281,0.0034407685,22.519274376417233,127,22.137537772162915,5.2310104,,-9.997882e-07,140.48072562358277,1.02082,1.02082,107.mp3,-587.4495239257812,154.49327087402344,16.603364944458008,10.162430763244629,6.4071125984191895,-6.5765275955200195,-15.985100746154785,-11.589327812194824,-9.671524047851562,-9.314539909362793,-10.31552791595459,-6.428920745849609,-7.972386837005615,47.2828254699707,33.52326965332031,22.532651901245117,21.043428421020508,22.080930709838867,14.444737434387207,14.973596572875977,12.503595352172852,10.324633598327637,11.571283340454102,9.67292594909668,9.805547714233398,8.198617935180664
835.982,671.25244,[151.99908088],0.0014089615,0.0013320274,21.443628117913832,381,20.1139673221324,5.6995044,,-1.1878387e-06,105.55637188208617,0.9677861,0.7477963,93.mp3,-655.3877563476562,145.35910034179688,13.356365203857422,15.47360610961914,12.328388214111328,8.782389640808105,0.39457231760025024,-8.077173233032227,-3.36879825592041,1.7796653509140015,-4.90239143371582,2.0982155799865723,-7.937612056732178,44.457374572753906,24.864707946777344,14.289970397949219,17.308156967163086,17.090866088867188,10.461896896362305,12.00931167602539,13.680850982666016,8.21286392211914,7.88278341293335,8.574389457702637,8.224933624267578,6.757133483886719
882.6585,821.3252,[93.96306818],0.0041323416,0.0033436203,25.73387755102041,85,21.943703204600414,5.3073025,,-6.9310704e-07,106.26612244897959,0.999619,0.999619,105.mp3,-586.782958984375,156.40113830566406,7.031008243560791,12.336339950561523,12.323593139648438,12.551898956298828,-2.580183744430542,-20.19693946838379,-5.657774925231934,-12.018096923828125,-16.528886795043945,-2.2688241004943848,-13.003190994262695,58.680580139160156,35.36982727050781,21.752382278442383,23.092771530151367,16.299663543701172,16.24568748474121,13.639106750488281,14.627055168151855,9.901649475097656,11.219968795776367,12.469234466552734,8.880377769470215,10.859130859375
946.52875,750.95074,[178.20581897],0.0016271693,0.0019864077,49.17061224489796,337,19.91160457032799,5.8358197,,-1.2279785e-06,72.82938775510205,0.95445025,0.80038416,91.mp3,-644.5732421875,140.00621032714844,12.180229187011719,18.566558837890625,7.80403995513916,3.402008056640625,3.3992462158203125,-8.66740894317627,-5.152370929718018,2.7680752277374268,-5.522767543792725,1.0674344301223755,-7.342348575592041,51.871299743652344,25.599571228027344,19.710723876953125,17.3144474029541,13.369817733764648,9.016950607299805,11.121664047241211,12.72879409790039,9.070033073425293,8.83965015411377,9.590625762939453,6.8959221839904785,6.687664985656738
813.36847,683.17725,[101.33272059],0.0021764864,0.0018131473,17.253151927437642,294,20.312037291946314,5.5236335,,-6.8356974e-07,118.74684807256236,0.97119933,0.97119933,99.mp3,-621.9899291992188,158.0272216796875,9.785069465637207,15.044943809509277,18.584611892700195,9.523573875427246,0.4570193290710449,-10.527751922607422,-9.139951705932617,-5.337385177612305,-9.894742012023926,0.2662455439567566,-11.975603103637695,51.366294860839844,32.526607513427734,18.264612197875977,19.180444717407227,16.76647186279297,12.523370742797852,11.758490562438965,11.474054336547852,10.198084831237793,10.616199493408203,9.290761947631836,7.539698123931885,8.66023063659668
701.33704,576.6272,[129.19921875],0.0065599754,0.0058193193,31.451428571428572,135,21.2217109830398,5.40895,,-5.43628e-07,100.54857142857144,0.9750755,0.9750755,87.mp3,-557.1301879882812,143.76390075683594,37.305320739746094,13.502686500549316,-0.810429573059082,3.727856397628784,-0.508338987827301,-21.029956817626953,-16.966777801513672,-2.65895938873291,-6.288797855377197,-10.477886199951172,-9.557209968566895,57.85977554321289,42.358219146728516,21.545921325683594,24.847253799438477,21.720291137695312,15.413369178771973,9.672098159790039,15.118291854858398,14.835433959960938,10.364038467407227,8.597562789916992,10.403406143188477,10.281474113464355
842.4895,589.057,[97.50884434],0.003015422,0.0035279316,38.92390022675737,147,20.636771838891267,5.7228703,,-6.998083e-07,41.07609977324263,0.96063036,0.96063036,53.mp3,-608.9058227539062,153.64352416992188,19.627771377563477,-1.6239368915557861,8.340286254882812,7.216039180755615,-7.168336868286133,-9.870428085327148,-6.485012054443359,-4.6201558113098145,-1.3308887481689453,0.8544081449508667,-3.659468650817871,58.46561050415039,24.600805282592773,25.603416442871094,18.111919403076172,17.389476776123047,8.126622200012207,17.14583969116211,9.73448371887207,7.187405109405518,8.610150337219238,9.319220542907715,6.411624431610107,5.837764263153076
913.75446,746.7974,[129.19921875],0.00617706,0.004335094,12.946666666666667,88,21.494946788524132,5.3327317,,-7.429144e-07,116.05333333333333,1.0006881,1.0006881,68.mp3,-540.9423217773438,172.32595825195312,5.453520774841309,1.3215148448944092,20.497621536254883,16.385591506958008,-7.22697639465332,-17.460315704345703,-8.848454475402832,-12.324875831604004,-15.289758682250977,-2.554734230041504,-6.459190368652344,48.57805252075195,37.49089431762695,20.52092742919922,24.228872299194336,22.05363655090332,16.625045776367188,15.978164672851562,12.901808738708496,10.14985466003418,10.92060375213623,11.997565269470215,9.714570999145508,9.448782920837402
786.5732,653.0447,[120.18531977],0.0014780378,0.0012257518,0.615328798185941,32,19.67310377508941,5.8501306,,-9.930077e-07,112.38467120181406,0.9746011,0.644105,89.mp3,-657.8569946289062,155.41329956054688,11.36322021484375,26.552467346191406,8.57224178314209,13.631915092468262,2.1854498386383057,-2.432443618774414,-10.641252517700195,1.68795907497406,-9.702332496643066,3.4404399394989014,-3.4617133140563965,47.878177642822266,25.58417320251465,14.429658889770508,18.503149032592773,18.44106674194336,11.77116584777832,9.620006561279297,9.649763107299805,11.741280555725098,8.534722328186035,8.72115421295166,9.534578323364258,9.25223159790039
797.83777,632.3731,[156.60511364],0.0028314951,0.0023864852,0.011609977324263039,2,20.86747863096287,5.6541247,,-5.514745e-07,98.98839002267573,0.9713843,0.74514055,35.mp3,-604.30615234375,159.0102996826172,14.607433319091797,14.21777629852295,1.4136043787002563,9.247148513793945,0.8046309947967529,-15.404581069946289,-5.791966438293457,-4.217279434204102,-10.698807716369629,5.177427768707275,-5.497512340545654,38.70133972167969,26.19424819946289,12.561238288879395,19.903112411499023,16.368684768676758,10.605778694152832,9.800884246826172,11.79347038269043,7.535817623138428,7.928537845611572,8.228641510009766,7.510345458984375,6.379211902618408
758.1264,530.7625,[161.49902344],0.0033791948,0.0025040277,0.5804988662131519,27,20.672396089946293,5.586175,,-5.983971e-07,114.41950113378685,0.9719631,0.9719631,33.mp3,-610.4910278320312,167.07510375976562,15.018959045410156,13.103764533996582,4.2961859703063965,2.229626417160034,-1.400797963142395,-15.815902709960938,-10.380849838256836,-3.5781052112579346,-7.594594478607178,2.7759506702423096,-5.467142105102539,30.726665496826172,22.210796356201172,12.37553596496582,15.969767570495605,15.76809310913086,11.995692253112793,10.741463661193848,8.658116340637207,6.825130462646484,6.30192756652832,7.034804344177246,7.454821586608887,5.973623752593994
880.6844,684.2606,[120.18531977],0.0024409932,0.0018120498,0.09287981859410431,5,20.832001065406377,5.6913633,,-6.172466e-07,136.9071201814059,0.9365955,0.7856434,34.mp3,-595.8433837890625,159.68968200683594,6.848499774932861,18.004016876220703,-1.3155412673950195,8.196510314941406,1.0756648778915405,-21.12327003479004,-4.496817588806152,1.2476221323013306,-10.987358093261719,1.2747647762298584,-7.894191741943359,39.59281539916992,29.109058380126953,16.24118423461914,23.250608444213867,20.008563995361328,12.2017822265625,9.851244926452637,12.973077774047852,8.389607429504395,7.36243200302124,8.448139190673828,8.624167442321777,6.976996421813965
957.577,729.6429,[126.04801829],0.004630183,0.0031033682,0.22058956916099773,14,21.026549413329505,5.6580434,,-4.1669261e-07,153.779410430839,0.9158442,0.9158442,65.mp3,-538.4874267578125,173.96229553222656,-3.16668963432312,12.061503410339355,8.09982681274414,8.091194152832031,-6.0225830078125,-16.704654693603516,-2.536478042602539,-5.526886940002441,-15.782522201538086,2.1653716564178467,-11.297279357910156,45.347171783447266,35.001060485839844,19.58606719970703,23.913862228393555,20.716947555541992,15.374667167663574,13.206491470336914,11.835875511169434,10.915706634521484,10.542779922485352,9.471712112426758,8.124368667602539,9.973326683044434
766.2391,623.0019,[117.45383523],0.0061231297,0.0047601177,27.17895691609977,170,21.990722138552876,5.380545,,-2.2327056e-07,148.82104308390024,0.95932126,0.95932126,20.mp3,-535.5526733398438,158.20623779296875,11.400538444519043,16.289226531982422,9.427935600280762,6.979867935180664,-6.338836669921875,-12.18409538269043,-9.301384925842285,-13.150796890258789,-12.851119041442871,1.2853878736495972,-11.506428718566895,52.698333740234375,34.35197830200195,17.094629287719727,21.01297378540039,18.404285430908203,15.162961959838867,14.026527404785156,11.378022193908691,11.087596893310547,13.430603981018066,9.289762496948242,9.212652206420898,10.111769676208496
764.9199,620.0093,[103.359375],0.0029422704,0.0026626945,21.730975056689342,171,21.53914047774073,5.534711,,-1.2087513e-06,74.26902494331065,0.97107095,0.78805166,116.mp3,-631.6615600585938,147.73123168945312,18.249788284301758,12.33909797668457,5.770299434661865,6.961543083190918,-3.139279365539551,-11.105598449707031,-11.04561710357666,-6.012877464294434,-7.359400272369385,-0.45509639382362366,-8.551966667175293,54.767311096191406,31.12952423095703,19.23663902282715,20.203834533691406,17.3956356048584,11.467575073242188,14.379637718200684,13.243887901306152,10.115020751953125,9.788703918457031,9.581006050109863,8.680835723876953,7.8127007484436035
888.5444,651.2465,[215.33203125],0.004426973,0.0038714707,43.46775510204082,122,20.735760915207106,5.50449,,-4.681811e-07,114.53224489795919,1.0058982,1.0058982,70.mp3,-556.6110229492188,159.19358825683594,18.711811065673828,4.661612510681152,4.946658611297607,7.171794414520264,1.5196107625961304,-15.842004776000977,-10.65030574798584,-3.587597131729126,-4.782917022705078,-3.20127534866333,-12.402525901794434,49.698116302490234,29.100936889648438,20.396841049194336,18.936731338500977,14.923009872436523,12.449617385864258,9.087435722351074,12.653874397277832,10.218351364135742,8.867263793945312,10.26889705657959,7.511272430419922,11.033825874328613
789.4218,601.7041,[90.66611842],0.0033896472,0.0026581027,4.423401360544218,158,21.08353646264018,5.3776455,,-4.6201018e-07,170.5765986394558,1.0007434,1.0007434,15.mp3,-592.28515625,172.1189422607422,4.183539390563965,14.40655517578125,6.880411624908447,2.7908260822296143,-2.066862106323242,-13.137657165527344,-4.3838372230529785,-6.529291152954102,-14.194721221923828,2.017119884490967,-9.597984313964844,52.210060119628906,30.434492111206055,19.42463493347168,20.743505477905273,17.879209518432617,13.75256633758545,10.267511367797852,11.8548583984375,8.629688262939453,11.412740707397461,10.065984725952148,8.238687515258789,8.700746536254883
815.1664,637.2665,[107.66601562],0.0038743124,0.0030037658,9.276371882086167,152,21.260235661844245,5.552211,,-3.9011744e-07,116.72362811791383,0.99546623,0.99546623,45.mp3,-582.1224365234375,170.39968872070312,9.662370681762695,11.918429374694824,5.9078168869018555,3.1078147888183594,-3.601858377456665,-14.392526626586914,-9.856926918029785,-8.873407363891602,-7.629915237426758,0.27037951350212097,-11.739032745361328,54.05213165283203,33.71253204345703,20.693626403808594,24.10467529296875,17.110145568847656,14.881280899047852,11.683223724365234,13.013580322265625,11.243125915527344,10.357732772827148,9.671104431152344,7.995392322540283,9.425069808959961
693.2207,584.67035,[135.99917763],0.0012553155,0.0015836516,13.072834467120181,321,19.779883598818007,5.791849,,-1.46738e-06,65.92716553287981,0.98308307,0.66340834,110.mp3,-684.6516723632812,142.4388427734375,18.29367446899414,18.54509162902832,11.725513458251953,12.089001655578613,4.901700496673584,-6.145586967468262,-8.985780715942383,0.738715648651123,-7.902316570281982,2.5032856464385986,-5.961202621459961,62.16437530517578,25.069368362426758,15.114336013793945,16.58697509765625,14.623398780822754,10.013285636901855,8.732991218566895,11.694169998168945,8.597122192382812,8.019726753234863,9.533432006835938,7.640631675720215,8.240286827087402
866.6174,670.81226,[89.10290948],0.003930126,0.0023938953,1.787936507936508,29,21.062393268278488,5.391779,,-3.0408395e-07,115.21206349206349,0.93411636,0.93411636,56.mp3,-547.3381958007812,167.43104553222656,-2.0467145442962646,21.14385414123535,3.634664535522461,10.74361515045166,-0.3790050446987152,-15.952054977416992,-9.795085906982422,-6.548863410949707,-11.792588233947754,-0.18422335386276245,-12.396453857421875,41.9449348449707,28.956523895263672,16.583763122558594,22.729454040527344,18.45475959777832,11.478196144104004,11.292196273803711,10.596914291381836,10.242998123168945,10.037392616271973,9.078676223754883,8.375068664550781,9.466550827026367
776.21423,693.6395,[101.33272059],0.0026255995,0.0021248884,28.827573696145123,111,21.106537079615688,5.4902773,,-7.616837e-07,86.17242630385488,0.9636673,0.70985544,94.mp3,-612.0146484375,128.93753051757812,29.688762664794922,14.64273738861084,12.20470905303955,15.704895973205566,-1.3099278211593628,-19.497589111328125,-6.5959391593933105,-2.415971040725708,-9.341269493103027,-4.080177307128906,-5.2868475914001465,38.419837951660156,29.240161895751953,17.768827438354492,21.55732536315918,18.15345573425293,11.012837409973145,11.69942569732666,14.560139656066895,9.060469627380371,8.441678047180176,10.033337593078613,9.124502182006836,7.0789666175842285
837.82465,638.49927,[132.51201923],0.0050894846,0.0037062145,19.62548752834467,95,21.902327184294553,5.0651474,,-6.8344417e-07,111.37451247165532,1.0337895,1.0337895,73.mp3,-581.8587646484375,144.13638305664062,31.44721794128418,-1.3323066234588623,1.898576021194458,5.193633079528809,-5.860750198364258,-17.865169525146484,-10.924653053283691,-4.495510578155518,-4.687504768371582,-2.3041558265686035,-3.873044013977051,28.237958908081055,23.674854278564453,16.10760498046875,17.8365478515625,17.009815216064453,9.885647773742676,12.840794563293457,10.950562477111816,8.654830932617188,8.788168907165527,8.900520324707031,7.420661926269531,6.5574049949646
740.1405,603.31476,[126.04801829],0.00066504057,0.0008032167,21.947755102040816,428,19.02801102933313,5.9409,,-1.638154e-06,64.05224489795918,0.9767334,0.6862857,108.mp3,-697.7877807617188,133.53042602539062,19.703166961669922,17.041357040405273,13.507781028747559,6.023698806762695,4.5681023597717285,-2.9751105308532715,-3.4079229831695557,1.9366103410720825,-4.932025909423828,4.425179958343506,-2.4497759342193604,39.90707015991211,17.166337966918945,15.283777236938477,14.109989166259766,10.089132308959961,8.200725555419922,7.854098320007324,7.5226359367370605,6.4090962409973145,7.305150032043457,6.7833943367004395,6.2096381187438965,6.174368858337402
836.7989,650.9146,[114.84375],0.0070997546,0.0060755364,33.870113378684806,98,21.610556140479652,5.6237307,,-4.2386716e-07,104.1298866213152,0.99096817,0.99096817,66.mp3,-521.7969970703125,149.37648010253906,12.760429382324219,7.1235175132751465,9.05544662475586,6.588140964508057,-10.475770950317383,-23.388925552368164,-7.8934736251831055,-7.372481346130371,-12.76858139038086,-2.163471221923828,-9.068525314331055,56.020294189453125,30.741676330566406,25.031801223754883,19.217859268188477,18.309345245361328,12.398357391357422,12.817839622497559,14.8517427444458,9.297432899475098,9.238877296447754,10.751039505004883,9.694245338439941,8.801361083984375
792.00146,612.60614,[156.60511364],0.001181787,0.0014161093,7.87156462585034,276,19.248804406719337,5.9997144,,-7.0120166e-07,102.12843537414966,1.1405017,1.0470111,48.mp3,-658.5938720703125,154.64308166503906,18.65422248840332,11.574555397033691,11.231424331665039,5.186156749725342,0.5176540017127991,-4.812188625335693,-4.522470951080322,-0.840449869632721,-3.7340526580810547,-0.30708980560302734,-8.75647258758545,41.72450637817383,19.888439178466797,15.434247016906738,15.14017391204834,10.381171226501465,9.97116756439209,8.510503768920898,10.837724685668945,7.999186038970947,7.028592586517334,7.336409091949463,7.559680938720703,6.592325210571289
841.31696,803.76556,[93.96306818],0.0028749504,0.0029710857,35.54975056689342,126,20.379983993928047,5.556822,,-7.892181e-07,69.45024943310658,0.9678168,0.702384,88.mp3,-623.0551147460938,142.91934204101562,21.763296127319336,25.13213539123535,9.929389953613281,9.260680198669434,0.8479281663894653,-12.398917198181152,-8.439146041870117,-6.427650451660156,-11.130016326904297,-3.0070817470550537,-9.1384916305542,60.516448974609375,35.83034896850586,20.118541717529297,25.002948760986328,16.987165451049805,13.745946884155273,9.964319229125977,14.538215637207031,11.10863208770752,10.804302215576172,10.774110794067383,10.002607345581055,11.267571449279785
796.47565,555.3552,[139.67483108],0.0033268388,0.0033035395,17.642721088435373,269,20.185368248840575,5.674293,,-5.709236e-07,77.35727891156462,0.9719653,0.9719653,58.mp3,-606.157958984375,172.7447509765625,17.41478157043457,4.1064019203186035,8.862278938293457,6.663649082183838,-3.3048439025878906,-11.935038566589355,-10.71109676361084,-8.777854919433594,-6.936066150665283,2.081394672393799,-9.370834350585938,58.16463851928711,34.29817199707031,16.5374698638916,20.065200805664062,15.668232917785645,10.52563190460205,11.356616020202637,10.801698684692383,7.774071216583252,11.672633171081543,11.265503883361816,7.146029949188232,9.58558464050293
669.36755,565.7576,[117.45383523],0.0027403804,0.0022870626,9.148662131519274,251,20.24704812677307,5.2775736,,-7.965857e-07,158.85133786848073,0.992625,0.992625,86.mp3,-616.7072143554688,163.0081787109375,18.511070251464844,16.611440658569336,18.920772552490234,13.192652702331543,0.04847295582294464,-9.860920906066895,-1.2687968015670776,-3.331326723098755,-9.644993782043457,3.0413765907287598,-6.367501735687256,57.41615676879883,32.9509391784668,19.861907958984375,18.37152099609375,16.87891960144043,11.65399169921875,12.836601257324219,12.5121431350708,8.891324996948242,11.85285758972168,9.012941360473633,7.863666534423828,9.984932899475098
699.7197,574.37384,[78.30255682],0.0058319904,0.004098014,3.1811337868480725,33,21.79828785125179,5.4675155,,-6.843916e-07,29.818866213151928,0.95489436,0.85895544,18.mp3,-566.1652221679688,164.0727996826172,21.687257766723633,22.08075714111328,-3.3496809005737305,1.3089265823364258,-2.6383354663848877,-18.23710060119629,-8.126324653625488,-4.530297756195068,-8.08586597442627,1.8569557666778564,-10.210869789123535,53.567325592041016,33.2065315246582,20.456981658935547,24.83266830444336,20.07485008239746,13.175065994262695,10.934426307678223,12.623468399047852,9.1122407913208,9.092848777770996,8.60218334197998,8.381906509399414,9.694589614868164
841.38403,606.1153,[105.46875],0.002506103,0.0023594997,30.984761904761903,219,20.26402752449145,5.7548265,,-9.4984557e-07,88.01523809523809,0.9482943,0.9482943,80.mp3,-617.6344604492188,167.36688232421875,10.908783912658691,6.384918212890625,7.793850421905518,8.817837715148926,0.28823941946029663,-9.345974922180176,-5.201067924499512,-6.254827499389648,-11.045868873596191,0.14686952531337738,-8.194068908691406,67.04385375976562,37.8880615234375,21.465242385864258,19.273902893066406,18.125741958618164,14.621853828430176,10.880077362060547,10.115431785583496,9.700682640075684,9.999134063720703,8.815114974975586,8.332242012023926,9.586543083190918
747.26514,631.92145,[126.04801829],0.0020418547,0.0015382802,0.8243083900226758,24,21.060346318811003,5.3719015,,-9.615874e-07,102.17569160997732,0.9771255,0.7949059,115.mp3,-650.9550170898438,157.80813598632812,14.29382610321045,19.48806381225586,10.456988334655762,6.068692684173584,2.4736738204956055,-10.479758262634277,-13.49817180633545,0.5551765561103821,-8.67757797241211,-2.596259593963623,-8.509815216064453,39.844356536865234,27.959917068481445,15.217902183532715,20.676483154296875,16.225542068481445,10.219923973083496,9.635562896728516,10.043524742126465,10.030793190002441,7.8969902992248535,8.05585765838623,8.987421035766602,7.986761093139648
888.7256,712.99524,[135.99917763],0.0055433796,0.0044206837,27.65714285714286,125,21.396782949491612,5.445857,,-3.4270832e-07,124.34285714285714,0.99940234,0.99940234,19.mp3,-540.2960205078125,166.52291870117188,9.59969425201416,8.035296440124512,8.596412658691406,4.312588691711426,-5.498186111450195,-19.854753494262695,-12.030006408691406,-10.079460144042969,-11.138851165771484,-3.33335542678833,-10.622018814086914,52.1071662902832,31.000141143798828,23.224828720092773,22.41976547241211,18.304832458496094,14.929987907409668,11.595458984375,12.198521614074707,11.648783683776855,9.987785339355469,9.725128173828125,9.497917175292969,9.554580688476562
784.9162,621.7684,[123.046875],0.006090528,0.0052670646,42.353197278911566,172,21.295600787151532,5.5772147,,-3.5043317e-07,166.64680272108845,0.9377992,0.9377992,47.mp3,-534.3896484375,148.50718688964844,20.315719604492188,14.992707252502441,4.7296833992004395,5.460601806640625,-4.137561321258545,-15.907024383544922,-5.416548252105713,-10.024852752685547,-13.463770866394043,-3.7903361320495605,-9.969980239868164,57.16722106933594,35.23738098144531,22.452308654785156,22.98202133178711,23.078020095825195,15.820451736450195,14.467016220092773,13.120061874389648,10.396677017211914,11.640405654907227,10.518820762634277,9.191394805908203,10.317447662353516
857.30646,676.9842,[120.18531977],0.008474181,0.0073031783,32.54031746031746,89,22.560625273972274,5.3686457,,-8.400211e-07,116.45968253968255,0.9982701,0.9982701,78.mp3,-519.101318359375,144.2530059814453,7.102336883544922,7.937004089355469,4.191256046295166,6.480110168457031,-9.007919311523438,-30.1440486907959,-11.425493240356445,-9.156387329101562,-15.757261276245117,-1.1810314655303955,-7.592180252075195,72.3640365600586,42.69547653198242,27.45772933959961,23.489459991455078,22.315814971923828,14.949761390686035,12.98927116394043,17.834474563598633,10.600793838500977,9.41002082824707,11.559401512145996,9.587027549743652,8.835282325744629
1020.35736,841.1351,[132.51201923],0.004066573,0.0031656616,13.352471655328799,69,22.089122507132355,5.6166825,,-8.537779e-07,77.6475283446712,0.9110859,0.9110859,113.mp3,-591.3850708007812,148.60203552246094,4.417057037353516,11.880321502685547,8.234413146972656,4.971965789794922,-13.270525932312012,-16.859716415405273,-3.4134609699249268,-6.22665548324585,-10.052172660827637,-2.5385525226593018,-11.610528945922852,55.42509841918945,37.23973846435547,24.864906311035156,23.988683700561523,24.69205665588379,18.48484992980957,15.253458976745605,13.134584426879883,9.21693229675293,9.710244178771973,9.56641674041748,10.214083671569824,8.880888938903809
743.787,595.51855,[126.04801829],0.005653891,0.004590856,23.858503401360544,98,21.244746396473815,5.496628,,-3.4464736e-07,92.14149659863945,0.96916234,0.96916234,72.mp3,-552.1370239257812,155.69129943847656,22.84054946899414,17.950048446655273,0.970809280872345,5.330697536468506,-0.377725750207901,-17.426651000976562,-9.931565284729004,-7.7223944664001465,-10.240509986877441,-1.7986490726470947,-10.259350776672363,48.703697204589844,30.272035598754883,16.924253463745117,24.398632049560547,17.15837860107422,11.979679107666016,11.874357223510742,12.74743938446045,10.781109809875488,9.356348991394043,10.620038032531738,8.735833168029785,9.370184898376465
750.5473,661.47833,[129.19921875],0.0018565387,0.0016447983,5.013242630385488,156,20.510555661154086,5.530857,,-8.185981e-07,113.98675736961451,0.9373285,0.9373285,96.mp3,-652.1155395507812,149.60397338867188,16.17050552368164,21.22272491455078,15.544466018676758,6.388980388641357,0.3779933452606201,-12.509001731872559,-8.082200050354004,1.7175697088241577,-5.9017333984375,2.1961231231689453,-7.445878028869629,38.69904708862305,28.01133918762207,16.815139770507812,22.019859313964844,15.812871932983398,9.334458351135254,13.144441604614258,11.951550483703613,8.844003677368164,9.089701652526855,9.657469749450684,7.765647888183594,6.502098560333252
734.3121,548.7739,[107.66601562],0.0018619595,0.001503025,0.0,1,19.35530135188748,5.9016128,,-6.640521e-07,132.0,0.98381007,0.98381007,9.mp3,-627.1505126953125,171.56362915039062,15.0471773147583,15.748554229736328,10.302505493164062,4.133236408233643,3.1271796226501465,-11.399247169494629,-4.983865737915039,0.90615314245224,-7.989462375640869,0.2426391988992691,-10.863965034484863,35.317447662353516,21.690013885498047,13.613776206970215,15.740863800048828,10.622790336608887,9.621047973632812,7.686390399932861,10.845952987670898,8.418554306030273,7.887472152709961,7.516568660736084,7.0513410568237305,8.01661491394043
905.30963,732.918,[92.28515625],0.0066853543,0.004710238,17.14684807256236,85,22.39493409579789,5.3736453,,-5.4709983e-07,162.85315192743764,0.99827766,0.99827766,42.mp3,-535.9940185546875,158.9561767578125,10.134263038635254,8.494688034057617,2.242933511734009,5.908759117126465,-14.220060348510742,-27.885639190673828,-5.550490856170654,-2.34017276763916,-11.41537094116211,-4.606079578399658,-6.128749847412109,50.976524353027344,33.792572021484375,23.992963790893555,23.90939712524414,20.59974479675293,14.654149055480957,13.729979515075684,15.816681861877441,9.591375350952148,10.512495040893555,10.956340789794922,10.3193359375,8.39135456085205
754.44244,552.70496,[112.34714674],0.005687466,0.0050572488,38.26176870748299,120,21.627647073184466,5.3619127,,-5.9786083e-07,101.738231292517,0.9791591,0.9791591,50.mp3,-562.0201416015625,162.69520568847656,22.162494659423828,7.199406147003174,1.4326796531677246,12.23776626586914,2.5685904026031494,-18.319326400756836,-7.477770805358887,-1.257767915725708,-9.529776573181152,-2.0039658546447754,-11.623226165771484,59.418487548828125,32.61534118652344,18.960201263427734,21.781475067138672,16.64167022705078,12.262219429016113,9.10030746459961,15.46225357055664,9.234119415283203,8.897018432617188,11.456550598144531,8.528046607971191,10.202706336975098
918.0987,739.8112,[92.28515625],0.0059294016,0.004240192,6.466757369614513,98,20.564601613623484,5.6226172,,-4.846028e-07,90.53324263038549,0.963443,0.963443,46.mp3,-506.91400146484375,154.97018432617188,-4.162886142730713,28.18819236755371,1.0303469896316528,-0.7008962631225586,0.5584399700164795,-13.56963062286377,-12.290035247802734,-11.487092971801758,-9.01439094543457,-1.8687118291854858,-12.37794017791748,34.84565734863281,26.272186279296875,12.526461601257324,12.56456470489502,15.599781036376953,11.68544864654541,9.478482246398926,8.07873821258545,10.231082916259766,10.849383354187012,8.573494911193848,8.481729507446289,9.684537887573242
972.7903,801.12115,[132.51201923],0.004167024,0.0030535704,27.457596371882087,78,21.942839275351762,5.336974,,-9.975004e-07,166.5424036281179,1.003628,1.003628,114.mp3,-584.675048828125,146.53993225097656,5.176523685455322,8.475899696350098,15.87094783782959,5.851682186126709,-15.973319053649902,-22.047386169433594,-8.774412155151367,-6.3501129150390625,-10.971653938293457,-9.272990226745605,-8.685765266418457,51.669281005859375,33.87000274658203,23.042783737182617,24.1174373626709,21.583770751953125,13.16239070892334,15.501325607299805,12.658524513244629,10.005316734313965,9.187702178955078,9.582250595092773,10.296819686889648,8.432337760925293
743.04706,554.5312,[129.19921875],0.0025536527,0.0017796295,0.1872108843537415,11,20.785296168544235,5.5254383,,-7.2544196e-07,143.81278911564627,0.91831017,0.91831017,23.mp3,-599.6104736328125,163.0675811767578,14.75328254699707,14.369020462036133,6.969629287719727,0.3522481620311737,0.7699093222618103,-5.817545413970947,-10.747828483581543,-4.142845630645752,-5.757521629333496,0.9269168972969055,-3.9115049839019775,37.36055374145508,24.897233963012695,14.452964782714844,19.19814109802246,16.87982177734375,10.226766586303711,9.989503860473633,9.454277038574219,10.227128028869629,9.236085891723633,8.477648735046387,8.24471664428711,6.9547224044799805
811.96954,595.17505,[99.38401442],0.0024416496,0.0034119184,90.03537414965986,107,20.1528758370699,5.8534427,,-1.4036576e-06,65.96462585034014,0.9693039,0.9693039,76.mp3,-623.822998046875,126.69644165039062,25.350887298583984,6.999345302581787,6.715948581695557,5.980075836181641,-1.3567060232162476,-7.735841751098633,-4.481278419494629,-6.910807132720947,-6.971160411834717,-2.2610955238342285,-7.351629257202148,67.35346984863281,37.373199462890625,22.898515701293945,17.812002182006836,15.708739280700684,11.867770195007324,11.233904838562012,11.517834663391113,8.701895713806152,9.936311721801758,9.036876678466797,7.914791107177734,10.32143783569336
772.14343,589.3055,[129.19921875],0.006208709,0.005341913,41.78430839002267,97,21.805449369862526,5.583058,,-3.8059386e-07,111.2159410430839,0.9649593,0.9649593,8.mp3,-533.0203857421875,150.24070739746094,19.406850814819336,8.471353530883789,1.0165563821792603,6.443172454833984,-0.4678272306919098,-16.981407165527344,-5.519689083099365,-6.264773845672607,-11.038777351379395,1.0675795078277588,-7.384843826293945,60.528934478759766,33.95182800292969,22.4499568939209,22.679168701171875,19.681396484375,12.944173812866211,11.43752384185791,14.990352630615234,10.223799705505371,8.566913604736328,10.578539848327637,8.472228050231934,8.284232139587402
913.6439,677.0088,[114.84375],0.0058881952,0.003922984,9.717551020408163,83,21.849586763597802,5.5019627,,-4.668752e-07,108.28244897959183,0.92007565,0.92007565,25.mp3,-540.3367919921875,157.72462463378906,9.173324584960938,-1.1230266094207764,2.263913154602051,0.6695883870124817,-9.502212524414062,-12.691298484802246,-9.282480239868164,-5.984952449798584,-9.920022010803223,0.6390432715415955,-8.877730369567871,41.59959411621094,30.186771392822266,20.565874099731445,23.010038375854492,21.573387145996094,14.148364067077637,12.07935619354248,11.91300106048584,10.598856925964355,10.35871410369873,9.912879943847656,9.423319816589355,8.445549964904785
886.8972,722.0871,[107.66601562],0.0059131095,0.0043300334,23.661133786848072,99,21.43786445534806,5.338898,,-4.631043e-07,170.33886621315193,0.9778745,0.9778745,39.mp3,-539.2291870117188,163.0640411376953,7.049144744873047,6.87454891204834,18.3804874420166,11.985200881958008,-6.022697925567627,-13.916716575622559,-8.152722358703613,-10.722115516662598,-10.335780143737793,-0.8060175180435181,-7.052190780639648,48.8882942199707,36.474281311035156,22.453392028808594,26.562393188476562,22.59498405456543,18.056068420410156,14.13782787322998,10.8698148727417,11.172443389892578,10.128704071044922,10.456233024597168,9.112894058227539,11.477248191833496
814.43085,609.2514,[114.84375],0.0061379382,0.003610544,5.040090702947846,88,22.48844555645025,5.285189,,-3.8381077e-07,153.95990929705215,1.018011,1.018011,26.mp3,-551.1417236328125,165.74197387695312,8.200837135314941,5.220142364501953,5.131747722625732,8.4357271194458,-4.690889835357666,-21.83378791809082,-14.894180297851562,-4.4527387619018555,-2.400967597961426,-6.508547306060791,-11.363090515136719,44.179630279541016,27.054874420166016,19.386123657226562,22.976207733154297,18.756803512573242,12.199457168579102,11.886985778808594,13.259320259094238,9.532779693603516,9.245964050292969,9.375393867492676,9.252532958984375,8.724206924438477
940.9924,714.7358,[117.45383523],0.0057254196,0.0054134117,47.63573696145125,233,21.746760460899463,5.600004,,-8.6254056e-07,80.36426303854876,0.9516984,0.9516984,40.mp3,-515.8921508789062,117.33008575439453,22.06766700744629,4.42726469039917,2.1785545349121094,1.2642124891281128,-8.347430229187012,-17.582191467285156,-9.5289306640625,-3.6389195919036865,-4.193603038787842,-3.3225748538970947,-5.873365879058838,50.22917938232422,28.77351951599121,23.876972198486328,19.5380802154541,17.786121368408203,12.407145500183105,12.599275588989258,13.500176429748535,9.216948509216309,8.565984725952148,9.262395858764648,10.100212097167969,8.077265739440918
892.61707,705.07654,[129.19921875],0.003518042,0.0027003365,5.259319727891157,68,20.54591990548914,5.6592984,,-3.987024e-07,48.74068027210885,0.94293344,0.86212504,49.mp3,-567.9196166992188,159.90232849121094,6.2164740562438965,17.00653648376465,6.269863128662109,5.107067584991455,2.9770519733428955,-15.135348320007324,-8.219350814819336,-1.6250951290130615,-8.563604354858398,1.1490384340286255,-10.122893333435059,49.39678192138672,27.899490356445312,19.86582374572754,20.945175170898438,16.607927322387695,12.012992858886719,10.420086860656738,11.303555488586426,8.974732398986816,9.581623077392578,9.974563598632812,7.731841564178467,8.779932975769043
851.33453,649.5387,[126.04801829],0.0035238974,0.0024156475,0.0,1,20.36588201979926,5.6122847,,-7.1684303e-07,130.0,0.96267474,0.96267474,71.mp3,-570.226318359375,177.00534057617188,0.27179792523384094,16.49844741821289,9.994633674621582,6.565234661102295,1.0667896270751953,-10.853416442871094,-12.170342445373535,-5.544003486633301,-9.139137268066406,-0.30399319529533386,-8.48004150390625,46.15963363647461,30.201932907104492,17.3687686920166,21.815019607543945,21.52199363708496,12.018868446350098,11.464290618896484,9.71998119354248,10.158319473266602,11.191715240478516,8.685176849365234,8.5769624710083,9.193527221679688
823.6293,703.71484,[84.72079918],0.0039692423,0.0030164504,20.253333333333334,92,21.531891583458986,5.4174213,,-8.824314e-07,88.74666666666667,0.9662956,0.9662956,100.mp3,-601.8218383789062,139.5995330810547,21.94011878967285,11.509675979614258,7.50429105758667,4.897593975067139,-7.105602264404297,-20.841886520385742,-12.431485176086426,-4.024375915527344,-8.187707901000977,-7.605767250061035,-2.563600778579712,45.673728942871094,34.585689544677734,20.723705291748047,25.061906814575195,21.997705459594727,14.714393615722656,13.431303977966309,15.21367359161377,10.827967643737793,9.255661964416504,9.243232727050781,8.75827693939209,8.079055786132812
823.50385,642.96704,[114.84375],0.0035489833,0.002484788,14.489251700680272,105,20.923044238894157,5.4379973,,-4.6267775e-07,153.51074829931972,0.97929716,0.97929716,61.mp3,-585.1331787109375,170.91600036621094,15.474066734313965,10.081015586853027,7.987452983856201,8.66434097290039,-2.618190050125122,-18.03582191467285,-11.050710678100586,-6.886862277984619,-8.014985084533691,-4.0575127601623535,-12.21412181854248,44.09359359741211,33.534568786621094,18.706724166870117,23.81328582763672,20.461463928222656,15.081791877746582,13.023351669311523,12.22631549835205,8.696831703186035,9.240196228027344,9.499573707580566,8.02376651763916,10.255331039428711
584.80975,425.25116,[129.19921875],0.0029370114,0.0028027967,0.10448979591836735,9,20.718007948383963,5.2753935,,-6.3025107e-07,128.89551020408163,0.9774141,0.7542811,29.mp3,-615.6255493164062,148.44020080566406,34.39688491821289,16.50942039489746,2.0386364459991455,4.888153553009033,-1.5552031993865967,-8.181917190551758,-7.352899551391602,-4.1819257736206055,-4.367851257324219,-2.154879331588745,-8.442402839660645,47.43406677246094,26.575733184814453,16.76131820678711,22.800188064575195,15.750774383544922,10.682039260864258,8.959242820739746,9.85995101928711,6.994687557220459,6.998871803283691,7.379125595092773,6.3934407234191895,6.842767238616943
856.98926,662.2006,[112.34714674],0.0048739454,0.004241667,22.651156462585035,112,21.008873627700027,5.624102,,-4.4876617e-07,90.34884353741496,0.9784583,0.9784583,60.mp3,-568.7246704101562,165.23684692382812,11.845029830932617,2.9549295902252197,8.975714683532715,12.951701164245605,0.046891484409570694,-21.74302101135254,-15.590657234191895,-8.261578559875488,-9.168521881103516,-4.202253341674805,-12.023293495178223,59.3249397277832,33.3213996887207,22.895465850830078,23.489240646362305,18.585773468017578,12.643723487854004,10.784388542175293,14.15369987487793,10.085779190063477,8.55484676361084,10.161457061767578,7.970305442810059,9.072665214538574
806.5403,678.45966,[101.33272059],0.0024083774,0.0017390302,1.9504761904761905,59,21.22247143290519,5.2124176,,-7.3081793e-07,151.04977324263038,0.92128795,0.92128795,67.mp3,-614.3544311523438,168.31515502929688,8.101359367370605,13.964156150817871,8.227255821228027,7.329130172729492,2.998525619506836,-11.739957809448242,-9.987114906311035,-1.9675194025039673,-3.576202869415283,6.109138011932373,-8.838775634765625,42.76092529296875,28.58963966369629,15.653554916381836,22.45322608947754,18.212146759033203,11.488166809082031,10.711984634399414,10.855786323547363,8.443282127380371,8.307019233703613,9.080090522766113,9.265417098999023,8.052838325500488
901.2192,707.27527,[123.046875],0.004884468,0.004752481,33.66122448979592,95,21.681882431811328,5.442134,,-6.760878e-07,89.33877551020409,0.9317905,0.9317905,69.mp3,-568.8868408203125,142.01255798339844,20.876964569091797,9.945639610290527,2.9244041442871094,14.073725700378418,3.4455127716064453,-23.288593292236328,-14.426468849182129,-3.619215250015259,-8.782503128051758,-5.873899459838867,-11.759121894836426,58.16067886352539,35.347042083740234,19.071189880371094,21.00359344482422,18.2515811920166,14.597846031188965,10.108184814453125,14.392033576965332,10.109088897705078,8.358037948608398,10.878473281860352,10.902449607849121,10.231344223022461
870.9203,640.17377,[87.59269068],0.004583894,0.0034077172,6.358367346938776,127,21.484445510350255,5.4648676,,-6.0553685e-07,126.64163265306122,0.93339336,0.93339336,64.mp3,-550.279541015625,158.07614135742188,3.6272552013397217,7.371128082275391,4.309714317321777,0.7662364840507507,-7.494271755218506,-16.16904067993164,-8.20518970489502,-5.978482246398926,-5.906318187713623,-0.7713950276374817,-3.68337082862854,43.00784683227539,23.69492530822754,22.485275268554688,19.43434715270996,19.590349197387695,13.180641174316406,12.786054611206055,11.651933670043945,8.663394927978516,8.766060829162598,8.882706642150879,8.20557975769043,6.763713836669922
816.1718,663.88916,[129.19921875],0.0028781958,0.0021363203,0.17414965986394557,11,20.357226382906504,5.689617,,-3.4819976e-07,185.82585034013604,0.9296932,0.9296932,14.mp3,-592.6192626953125,165.9978790283203,4.727283954620361,18.96086883544922,7.621082782745361,6.483613014221191,2.691420555114746,-14.469048500061035,-9.837553024291992,-2.8227882385253906,-13.551435470581055,1.6415001153945923,-7.269377708435059,43.63166046142578,29.938722610473633,16.375349044799805,20.783130645751953,19.269569396972656,12.339963912963867,10.18822956085205,10.873369216918945,10.361002922058105,9.929924011230469,9.901744842529297,8.159821510314941,9.394501686096191
898.6982,669.8406,[123.046875],0.002484334,0.002265467,0.0,1,20.623392730599257,5.6780334,,-6.0367427e-07,86.0,1.0192024,1.0192024,32.mp3,-610.8187255859375,171.2654571533203,8.418680191040039,7.188566207885742,5.376720905303955,6.626720905303955,1.4906353950500488,-11.94053840637207,-7.724156379699707,-6.2196478843688965,-8.232392311096191,6.1201171875,-9.38776683807373,35.90140151977539,19.786657333374023,12.468960762023926,13.2387056350708,12.21041202545166,7.43682336807251,11.115950584411621,9.371054649353027,7.204725742340088,7.615654468536377,7.292910575866699,7.012850284576416,6.188836097717285
792.22473,625.07605,[129.19921875],0.0010795525,0.0011578534,0.34829931972789113,17,19.843971257280558,5.7777567,,-9.704728e-07,93.65170068027211,0.97762185,0.59030026,92.mp3,-672.0571899414062,139.3868408203125,15.56017780303955,21.11561393737793,9.644909858703613,7.509090900421143,5.3333234786987305,-3.857879161834717,-3.9690184593200684,3.388655424118042,-3.645676851272583,2.4988009929656982,-9.54898738861084,35.39559555053711,17.899593353271484,13.064332008361816,18.351716995239258,13.70179271697998,9.007509231567383,8.677993774414062,10.27352523803711,7.700881004333496,7.402478218078613,8.417722702026367,6.240111827850342,6.539473533630371
1029.9885,745.4084,[120.18531977],0.008286372,0.005817941,22.929705215419503,110,22.044178013865643,5.642223,,-5.4791207e-07,155.0702947845805,0.97046965,0.97046965,54.mp3,-486.2480773925781,146.5420379638672,1.9368830919265747,1.3853758573532104,-3.359264850616455,3.3968944549560547,-11.831275939941406,-23.466840744018555,-9.874646186828613,-9.25229549407959,-7.117218971252441,-5.530525207519531,-10.639693260192871,50.440982818603516,33.50506591796875,25.53877067565918,27.204496383666992,22.66557502746582,15.474467277526855,13.82896614074707,13.513108253479004,11.05422306060791,10.378866195678711,10.569032669067383,9.572829246520996,9.185781478881836
799.18567,642.16766,[99.38401442],0.0051846583,0.0039419113,10.263219954648527,55,21.780047629226367,5.5099688,,-5.77156e-07,74.73678004535148,0.93784213,0.93784213,52.mp3,-565.2173461914062,156.57986450195312,13.851824760437012,10.850907325744629,4.013114929199219,1.70188570022583,-8.054994583129883,-20.28362274169922,-15.401632308959961,-10.40642261505127,-7.4974212646484375,-5.010494709014893,-8.384530067443848,43.20313262939453,33.812870025634766,20.082290649414062,28.399211883544922,22.61020278930664,11.828527450561523,15.082878112792969,12.397250175476074,9.516911506652832,10.8131103515625,9.813937187194824,9.610998153686523,8.197855949401855
787.9176,636.54767,[101.33272059],0.0034781485,0.0026103882,1.230657596371882,40,20.548625971792166,5.675255,,-4.994458e-07,98.76934240362812,0.97439134,0.97439134,51.mp3,-588.2407836914062,161.9032440185547,14.242512702941895,8.774273872375488,13.737879753112793,7.104555130004883,-10.485369682312012,-15.959357261657715,-3.8347856998443604,-2.125518321990967,-6.765486717224121,-1.2818419933319092,-7.900323867797852,36.7674446105957,24.061552047729492,18.589513778686523,17.345823287963867,18.04939079284668,11.530401229858398,12.467803955078125,11.9956636428833,9.2389554977417,8.478017807006836,9.297099113464355,8.334589004516602,7.005843162536621
815.64404,599.7808,[135.99917763],0.009371307,0.009455897,45.1124716553288,107,22.235704789045137,5.3791647,,-3.9137922e-07,87.8875283446712,1.0096177,1.0096177,43.mp3,-505.4795837402344,132.34158325195312,23.942712783813477,7.298122882843018,0.428318053483963,4.435908794403076,0.45548924803733826,-19.920249938964844,-14.962336540222168,-4.117917060852051,-10.39973258972168,-9.747210502624512,-7.899208068847656,68.83834075927734,39.68762969970703,24.363021850585938,16.879108428955078,18.29435920715332,15.07011890411377,9.908061027526855,16.30540657043457,12.605445861816406,8.817706108093262,11.55342960357666,10.277546882629395,9.823705673217773
744.91864,524.80896,[161.49902344],0.0013484417,0.0022537238,78.63219954648527,46,19.61410345052362,5.9534316,,-1.6184825e-06,25.36780045351474,0.98086154,0.76822364,83.mp3,-662.3031616210938,130.30996704101562,28.567588806152344,9.550504684448242,6.2799272537231445,8.824819564819336,3.2299859523773193,-5.266618251800537,-3.6983940601348877,-4.021783828735352,-6.968711853027344,-0.7485591173171997,-6.489789962768555,49.719242095947266,21.381364822387695,14.447108268737793,16.110363006591797,11.407918930053711,8.611519813537598,7.496176719665527,9.041278839111328,7.156700611114502,6.428592205047607,7.2074809074401855,6.343776702880859,7.958118438720703
717.3727,543.7822,[129.19921875],0.0031386002,0.0023295335,0.0,1,20.572430746293783,5.6427026,,-2.3335615e-07,58.0,0.94327635,0.94327635,11.mp3,-594.7429809570312,173.42298889160156,9.380539894104004,20.164623260498047,1.8394896984100342,6.56076192855835,5.06022310256958,-12.67825698852539,-4.641491413116455,1.5616955757141113,-10.477651596069336,1.6773955821990967,-8.653397560119629,42.52106857299805,23.639453887939453,13.882508277893066,18.97032356262207,15.869803428649902,12.150742530822754,8.473282814025879,11.71253776550293,10.191022872924805,8.773826599121094,9.100469589233398,7.073905944824219,7.693987846374512
891.025,657.6235,[93.96306818],0.0027270983,0.0020224315,0.5340589569160997,29,20.897302634485204,5.5626655,,-4.7968587e-07,123.4659410430839,1.0052762,1.0052762,27.mp3,-609.02978515625,172.1229705810547,6.6044816970825195,1.8908559083938599,12.32095718383789,2.5383434295654297,-5.523497581481934,-10.631779670715332,-7.303872108459473,-3.297070264816284,-3.7202892303466797,-0.2621184289455414,-7.383255958557129,40.528873443603516,23.2082462310791,22.1570987701416,18.989686965942383,17.15644645690918,10.33255672454834,11.987521171569824,11.433431625366211,8.452682495117188,8.565706253051758,9.285604476928711,9.749410629272461,7.355189323425293
868.3322,724.73315,[117.45383523],0.00246838,0.00249091,26.273378684807255,80,21.11798524469557,5.7049274,,-1.2871847e-06,67.72662131519274,0.9629213,0.71710414,79.mp3,-623.2528076171875,134.1541748046875,23.745288848876953,21.216522216796875,-3.409205436706543,6.730295658111572,0.8250756859779358,-16.076318740844727,-8.49797534942627,-3.8647074699401855,-16.479019165039062,0.3607925772666931,-4.557645797729492,49.408538818359375,28.181638717651367,18.663597106933594,26.406084060668945,17.035762786865234,11.5492525100708,10.790438652038574,13.244056701660156,10.2750244140625,9.182809829711914,12.551430702209473,8.82718563079834,9.309798240661621
672.5034,601.3693,[132.51201923],0.004308004,0.004327283,50.805079365079365,120,21.80455966619855,5.2070546,,-1.1889447e-06,107.19492063492063,1.0320984,1.0320984,111.mp3,-617.8880004882812,132.0301513671875,35.56623077392578,13.638171195983887,12.277752876281738,10.611347198486328,-0.65107262134552,-13.627123832702637,-11.78268051147461,-8.441768646240234,-11.173317909240723,-10.418988227844238,-11.845685005187988,50.30633544921875,33.84117889404297,18.031124114990234,16.031082153320312,15.192630767822266,11.547600746154785,9.74873161315918,13.392518043518066,11.45821762084961,9.787062644958496,10.900909423828125,11.31717586517334,10.610280990600586
1090.0579,822.0359,[123.046875],0.0055599194,0.0033437402,0.4179591836734694,13,21.306744677543463,5.4861827,,-2.5413996e-07,143.58204081632653,0.9767033,0.9767033,55.mp3,-501.28192138671875,161.62367248535156,-13.66000747680664,17.587905883789062,0.821019172668457,4.154480934143066,-8.060932159423828,-17.861677169799805,-9.616851806640625,-2.7167398929595947,-16.88092041015625,-3.5891740322113037,-15.461684226989746,38.48878860473633,26.67474365234375,17.199079513549805,20.18317222595215,20.58390235900879,14.019448280334473,12.259603500366211,10.184123992919922,9.862220764160156,8.906879425048828,8.65604305267334,8.431282043457031,8.958572387695312
740.848,599.09,[114.84375],0.0018323176,0.0026862654,75.51446712018141,59,20.048656031465082,5.642467,,-1.3832024e-06,39.48553287981859,0.9159595,0.9159595,103.mp3,-646.869140625,116.44149780273438,32.14475631713867,10.981866836547852,9.46834945678711,11.0440092086792,2.627539873123169,-7.851956844329834,-5.309295654296875,-2.379507541656494,-2.7775626182556152,0.4373169243335724,-3.921987295150757,60.25387191772461,37.03440475463867,17.967971801757812,17.530601501464844,14.510174751281738,11.036299705505371,11.178937911987305,11.109048843383789,8.704177856445312,9.015323638916016,9.513769149780273,7.071032524108887,8.13057804107666
791.14703,741.47894,[109.95678191],0.0026978587,0.0022044717,40.91356009070295,165,21.638911042462933,5.4629145,,-6.605232e-07,92.08643990929706,0.94942176,0.66080034,95.mp3,-611.0557861328125,136.2950897216797,17.108489990234375,29.564579010009766,0.18875905871391296,12.78690242767334,-3.163109540939331,-14.719149589538574,-3.704700231552124,-3.1142830848693848,-8.390488624572754,-2.21832537651062,-8.48283576965332,51.297279357910156,35.43475341796875,21.11064338684082,24.955955505371094,23.751081466674805,15.864007949829102,13.440921783447266,13.08753776550293,9.313408851623535,9.324055671691895,9.951852798461914,8.462775230407715,7.4620137214660645
761.77893,650.0776,[161.49902344],0.004089445,0.0037565145,34.25342403628118,73,20.96922152392074,5.3716416,,-9.297673e-07,73.74657596371883,0.98538065,0.98538065,90.mp3,-587.26123046875,143.48423767089844,24.658349990844727,16.57847023010254,11.957502365112305,-0.5590534806251526,-8.129731178283691,-8.141865730285645,-7.111935615539551,-9.30333423614502,-8.291053771972656,-1.6822140216827393,-5.359935760498047,60.75505828857422,39.536895751953125,20.299896240234375,20.159439086914062,17.969921112060547,14.270035743713379,14.404397964477539,11.757180213928223,11.59656047821045,11.801919937133789,9.543915748596191,8.112780570983887,8.76341438293457
885.42804,697.1518,[109.95678191],0.006275853,0.00414225,9.613061224489796,47,22.201316226320497,5.399505,,-3.7957878e-07,93.3869387755102,0.99431396,0.99431396,75.mp3,-544.7874755859375,166.6389617919922,4.401398658752441,11.62298583984375,9.503750801086426,14.646062850952148,-3.2452714443206787,-31.71409034729004,-12.959920883178711,-6.425697326660156,-18.208959579467773,-3.414083957672119,-8.609874725341797,50.899383544921875,30.774734497070312,19.223005294799805,20.76753807067871,21.901634216308594,15.490224838256836,12.4290771484375,15.518583297729492,10.219450950622559,8.996088027954102,12.209386825561523,9.854747772216797,9.085042953491211
809.96594,752.8238,[89.10290948],0.0035074372,0.002453701,18.42503401360544,95,21.210362390568918,5.4963136,,-6.4618916e-07,126.57496598639456,0.963835,0.963835,1.mp3,-599.3561401367188,156.9662628173828,20.959732055664062,28.712244033813477,5.554418087005615,5.639078617095947,3.574441432952881,-18.735361099243164,-8.638601303100586,-5.625150203704834,-12.49748420715332,-0.38470354676246643,-10.167580604553223,45.989540100097656,29.742305755615234,19.146883010864258,21.518754959106445,16.326791763305664,12.951178550720215,10.034463882446289,12.3049898147583,9.576443672180176,8.730545997619629,11.008074760437012,8.487512588500977,9.359063148498535
748.6048,595.4672,[99.38401442],0.0040966016,0.0028328605,13.610793650793651,79,22.04744040233126,5.3037214,,-8.3702736e-07,109.38920634920635,0.96888286,0.96888286,112.mp3,-600.8521118164062,155.8713836669922,14.634597778320312,10.314292907714844,3.5447263717651367,8.43808364868164,-4.830455303192139,-22.753713607788086,-4.478283405303955,-3.3538074493408203,-11.374821662902832,-0.531701922416687,-9.458185195922852,48.82706832885742,33.678951263427734,19.605710983276367,24.68816375732422,20.953718185424805,13.933717727661133,13.067802429199219,15.54897689819336,10.753697395324707,9.125991821289062,10.22663688659668,9.994327545166016,8.40560245513916
866.214,729.73517,[103.359375],0.0038445832,0.003096294,27.98702947845805,83,21.461293012274556,5.582638,,-1.0134675e-06,97.01297052154194,0.98267317,0.98267317,102.mp3,-603.492919921875,145.38345336914062,15.656219482421875,9.72726821899414,10.575204849243164,2.6289494037628174,-7.1640706062316895,-12.629667282104492,-12.61103630065918,-5.82152795791626,-7.5604567527771,-4.689345836639404,-5.834700107574463,55.175376892089844,34.43478012084961,20.9580020904541,20.748991012573242,20.728296279907227,12.513501167297363,14.74443531036377,12.481103897094727,11.15577220916748,9.533937454223633,8.95275592803955,9.30911636352539,8.137609481811523
919.2966,658.5869,[120.18531977],0.0013391672,0.0011467858,0.1799546485260771,10,19.569850350701632,5.865706,,-1.2924692e-06,63.82004535147392,0.92942387,0.8066737,81.mp3,-639.5191650390625,160.88168334960938,0.9473148584365845,16.572437286376953,6.695834159851074,6.457119941711426,0.5350404977798462,-10.307963371276855,-8.820592880249023,1.7332755327224731,-10.65059757232666,2.928835391998291,-7.486591339111328,58.257102966308594,28.425504684448242,19.639650344848633,19.333566665649414,18.513513565063477,10.51378059387207,10.813143730163574,9.450040817260742,9.247934341430664,9.062799453735352,8.990989685058594,7.2547078132629395,8.70128059387207
794.07684,680.73114,[166.70866935],0.0017269421,0.0020996856,52.21868480725624,174,20.074810747285866,5.721487,,-1.2692635e-06,58.78131519274376,0.9637063,0.9637063,109.mp3,-656.7620239257812,143.1515350341797,19.631649017333984,11.937203407287598,10.707290649414062,6.233240604400635,2.051548957824707,-9.181722640991211,-7.497470378875732,-2.8674073219299316,-7.178286075592041,0.404194712638855,-7.066468715667725,65.5688705444336,36.45509338378906,20.78362464904785,16.902690887451172,14.738969802856445,12.020262718200684,9.558293342590332,12.336812973022461,11.012405395507812,9.007028579711914,10.659954071044922,8.246620178222656,9.41457748413086
861.97174,695.3209,[114.84375],0.0024431914,0.0020832727,23.010975056689343,225,21.15106862122212,5.2845683,,-9.600913e-07,119.98902494331065,0.9802413,0.9802413,119.mp3,-627.3616333007812,158.83056640625,4.919060230255127,9.600369453430176,14.626002311706543,7.696264743804932,-1.74673330783844,-4.938344955444336,-16.830663681030273,-12.442221641540527,-7.646795749664307,-6.149166107177734,-10.296234130859375,59.058780670166016,32.11573791503906,21.01914405822754,21.980947494506836,17.455663681030273,10.64651107788086,13.266329765319824,10.733773231506348,12.336469650268555,12.331939697265625,9.842556953430176,10.526299476623535,8.825535774230957
773.46844,636.4169,[139.67483108],0.002800048,0.0021005177,0.3947392290249433,22,20.799708492490083,5.4592757,,-4.301149e-07,164.60526077097506,0.9671415,0.9671415,38.mp3,-606.908203125,165.87545776367188,8.848241806030273,21.301523208618164,7.045136451721191,2.377544403076172,0.7236484289169312,-10.682872772216797,-7.5099334716796875,-5.4195990562438965,-8.170947074890137,0.5222855806350708,-13.845459938049316,43.93156433105469,29.303424835205078,16.74332046508789,21.88525390625,17.615819931030273,12.63647747039795,10.085110664367676,10.04102611541748,10.073309898376465,9.851953506469727,7.967865467071533,8.578052520751953,9.231541633605957
804.27637,719.06696,[126.04801829],0.0026044662,0.0024967813,30.806077097505668,135,20.638477285311716,5.6429825,,-8.3778775e-07,70.19392290249434,0.9535172,0.77355325,104.mp3,-616.515625,147.90716552734375,17.030935287475586,18.51572608947754,6.6961846351623535,6.615015983581543,0.5272587537765503,-10.38081169128418,-12.821257591247559,-7.139974117279053,-8.233391761779785,1.904543399810791,-9.92857837677002,68.78382110595703,40.91373062133789,20.049102783203125,27.006929397583008,19.523983001708984,11.18060302734375,11.729081153869629,11.327291488647461,12.127840042114258,11.930363655090332,11.082717895507812,10.211411476135254,10.401671409606934
767.7003,580.76373,[120.18531977],0.0029083916,0.0026483191,29.91891156462585,332,20.810208763585905,5.5637565,,-6.1636496e-07,110.08108843537416,0.97164863,0.60296804,28.mp3,-594.1920776367188,144.72225952148438,22.287450790405273,12.305863380432129,-0.40844810009002686,1.8480682373046875,-3.0085885524749756,-6.731799125671387,-7.388583660125732,-3.869555950164795,-2.240368366241455,-3.6765825748443604,-6.161620616912842,55.865013122558594,28.523757934570312,22.38301658630371,23.143346786499023,16.01032066345215,11.941726684570312,10.523996353149414,9.740678787231445,8.19241714477539,8.069474220275879,7.919638156890869,8.501062393188477,6.967988014221191
732.77313,598.96893,[123.046875],0.0029977893,0.0030412083,39.85487528344671,60,20.935270602655716,5.622767,,-1.1751908e-06,64.14512471655328,0.9763185,0.6544713,101.mp3,-616.41015625,128.75210571289062,21.492063522338867,16.412052154541016,7.050041675567627,5.705867767333984,-1.5068238973617554,-13.191136360168457,-8.954203605651855,-3.921569347381592,-11.409032821655273,-1.3885921239852905,-5.982490062713623,66.42574310302734,38.48360824584961,21.836227416992188,23.030683517456055,19.290359497070312,14.217658996582031,12.22326946258545,14.200399398803711,11.502056121826172,9.573039054870605,11.106156349182129,8.403597831726074,8.09720516204834
810.23,666.01294,[166.70866935],0.0031934138,0.0026587066,23.600907029478456,108,21.379682180672877,5.521561,,-5.4985486e-07,80.39909297052154,0.94294333,0.9167607,63.mp3,-603.8246459960938,152.84776306152344,17.75180435180664,14.881621360778809,8.206993103027344,13.294341087341309,3.662029981613159,-14.65498161315918,-10.94690990447998,-5.008852005004883,-10.490952491760254,-2.0033388137817383,-8.824081420898438,47.10041046142578,34.01995849609375,18.27060317993164,21.69056510925293,18.36263084411621,11.87053108215332,9.492465019226074,10.470038414001465,8.633811950683594,8.782322883605957,10.723069190979004,8.36057186126709,8.336386680603027
864.76764,640.49634,[105.46875],0.0021938898,0.0014348255,0.0,1,19.916876470346537,5.7426324,,-3.3308123e-07,153.00024943310657,0.9417466,0.9417466,6.mp3,-578.30126953125,159.53277587890625,-4.633311748504639,36.160640716552734,-8.947300910949707,11.364981651306152,-6.542916297912598,-8.620528221130371,-8.217581748962402,2.879398822784424,-10.923616409301758,1.7286527156829834,-9.803166389465332,26.761518478393555,18.307151794433594,10.621516227722168,10.4857759475708,12.189712524414062,9.351699829101562,7.457132816314697,8.65658187866211,8.553800582885742,8.879313468933105,7.186791896820068,7.899805545806885,8.353690147399902
734.0789,661.6713,[132.51201923],0.0039172093,0.0036289382,27.562086167800455,95,21.248374031774873,5.4594374,,-5.733216e-07,73.43791383219954,0.98340654,0.7686572,62.mp3,-597.8607177734375,148.2887725830078,23.21851921081543,18.307430267333984,11.953316688537598,13.060858726501465,3.319577217102051,-11.663945198059082,-9.050103187561035,-5.6385273933410645,-5.075279235839844,2.293991804122925,-9.031301498413086,50.700538635253906,30.72929573059082,17.421274185180664,22.084692001342773,14.935684204101562,10.229586601257324,11.479894638061523,10.239212036132812,8.54651165008545,8.961560249328613,9.93674373626709,8.18111801147461,9.479183197021484
770.48914,590.43835,[92.28515625],0.004205724,0.0030048757,12.284716553287982,171,21.02163783673824,5.444403,,-3.5677908e-07,146.71528344671202,1.002341,1.002341,12.mp3,-574.537841796875,170.66529846191406,17.2524356842041,6.182251930236816,8.431560516357422,5.443354606628418,-4.242736339569092,-15.936894416809082,-8.13881778717041,-4.131350040435791,-8.92894172668457,-4.350689888000488,-11.364180564880371,39.41242218017578,29.38587760925293,17.00287437438965,21.00690269470215,16.634464263916016,14.667411804199219,10.593955993652344,12.989678382873535,9.840707778930664,8.780264854431152,9.168360710144043,8.500014305114746,9.1265869140625
777.5781,568.56555,[139.67483108],0.003337571,0.0027623205,2.2113378684807254,71,20.353630243742323,5.5197616,,-4.4996887e-07,121.78866213151927,0.97657424,0.97657424,24.mp3,-589.6901245117188,172.6865692138672,14.983785629272461,9.150699615478516,3.751659631729126,4.786959171295166,-2.293771505355835,-18.840116500854492,-7.010219097137451,-1.7579591274261475,-11.896841049194336,-4.258941650390625,-10.687195777893066,46.305484771728516,30.90563201904297,17.156024932861328,21.538602828979492,18.217830657958984,13.930764198303223,11.770938873291016,13.823902130126953,9.19381332397461,8.143474578857422,10.473440170288086,8.805351257324219,8.382494926452637
